pais,ratio_90_10
Uruguay,4.868488455414133
Argentina,4.044016539052989
Peru,3.4517563035389522
Promedio de los 6 países analizados,3.449853122686135
Mexico,3.300917443533514
Brasil,3.2851700919379323
Chile,3.015872370655679
Colombia,2.776914071036599
