pais,mediana_precio
Argentina,133.9773348330897
Argentina MEP,115.13697837214774
Brasil,71.64229635270358
Chile,93.24392185680061
Colombia,96.51684424587502
Mexico,102.48655876607798
Peru,119.44943505427203
Uruguay,116.66094372427074
